title,text,llm_justification,Monetary_Financial,Inflation_Prices,Real_Economic_Activity,Labor_Consumption,Fiscal_Government,External_Sector
Synthetic_Engine_Fast,"Despite aggressive monetary tightening, the labor market remains robust, but inflationary pressures continue to erode purchasing power.",Programmatic flat layout split optimization.,0.0,2.0,0.0,1.0,0.0,0.0
Synthetic_Engine_Fast,"Export volumes surged following currency depreciation, yet the fiscal deficit widened due to insufficient tax revenues.",Programmatic flat layout split optimization.,0.0,0.0,0.0,0.0,2.0,1.0
Synthetic_Engine_Fast,"Consumer spending rebounded strongly, while the central bank’s hawkish stance dampens investment sentiment.",Programmatic flat layout split optimization.,2.0,0.0,1.0,0.0,0.0,0.0
Synthetic_Engine_Fast,"Unemployment fell to a historic low, but rising input costs squeeze profit margins across manufacturing.",Programmatic flat layout split optimization.,0.0,2.0,0.0,1.0,0.0,0.0
Synthetic_Engine_Fast,"Government infrastructure spending boosted long-term growth prospects, however, it also led to a sharp increase in public debt.",Programmatic flat layout split optimization.,2.0,0.0,0.0,0.0,1.0,0.0
Synthetic_Engine_Fast,"Inflation decelerated more than expected, yet weak household consumption signals underlying economic fragility.",Programmatic flat layout split optimization.,0.0,1.0,0.0,2.0,0.0,0.0
Synthetic_Engine_Fast,"Corporate earnings improved due to strong domestic demand, but external trade imbalances worsened as imports outpaced exports.",Programmatic flat layout split optimization.,0.0,0.0,1.0,0.0,0.0,2.0
Synthetic_Engine_Fast,"The central bank’s rate cuts stimulated borrowing, but they also fueled asset price bubbles in the housing market.",Programmatic flat layout split optimization.,1.0,0.0,2.0,0.0,0.0,0.0
Synthetic_Engine_Fast,"Agricultural output expanded thanks to favorable weather, while the fiscal stimulus package raised concerns about long-term sustainability.",Programmatic flat layout split optimization.,0.0,0.0,1.0,0.0,2.0,0.0
Synthetic_Engine_Fast,"Wage growth accelerated in the services sector, yet the overall employment rate stagnated amid automation.",Programmatic flat layout split optimization.,0.0,0.0,2.0,1.0,0.0,0.0
Synthetic_Engine_Fast,"Portfolio inflows increased after policy reforms, but currency volatility hurt the competitiveness of exporters.",Programmatic flat layout split optimization.,2.0,0.0,0.0,0.0,0.0,1.0
Synthetic_Engine_Fast,"Tax revenue exceeded forecasts due to better compliance, while persistent core inflation forced the central bank to hold rates.",Programmatic flat layout split optimization.,0.0,2.0,0.0,0.0,1.0,0.0
Synthetic_Engine_Fast,"Industrial production rose sharply, though a shortage of skilled labor constrained further expansion.",Programmatic flat layout split optimization.,0.0,0.0,1.0,2.0,0.0,0.0
Synthetic_Engine_Fast,"Consumer confidence improved as job security increased, but the external current account deficit widened sharply.",Programmatic flat layout split optimization.,0.0,0.0,0.0,1.0,0.0,2.0
Synthetic_Engine_Fast,"Monetary policy remained accommodative, yet the government’s delayed budget approval undermined business confidence.",Programmatic flat layout split optimization.,1.0,0.0,0.0,0.0,2.0,0.0
Synthetic_Engine_Fast,"Despite tightening monetary conditions, exports surged due to robust foreign demand",Programmatic flat layout split optimization.,2.0,0.0,0.0,0.0,0.0,1.0
Synthetic_Engine_Fast,Consumer spending remains resilient even as inflation erodes purchasing power,Programmatic flat layout split optimization.,0.0,2.0,0.0,1.0,0.0,0.0
Synthetic_Engine_Fast,The fiscal deficit narrowed while manufacturing output contracted sharply,Programmatic flat layout split optimization.,0.0,0.0,2.0,0.0,1.0,0.0
Synthetic_Engine_Fast,Central bank rate cuts boosted investment but unemployment ticked upward,Programmatic flat layout split optimization.,1.0,0.0,0.0,2.0,0.0,0.0
Synthetic_Engine_Fast,Import costs fell sharply as the domestic currency strengthened against the dollar,Programmatic flat layout split optimization.,0.0,2.0,0.0,0.0,0.0,1.0
Synthetic_Engine_Fast,Strong job growth has been overshadowed by persistent price pressures in services,Programmatic flat layout split optimization.,0.0,2.0,0.0,1.0,0.0,0.0
Synthetic_Engine_Fast,Government infrastructure spending increased even as private capital expenditure stalled,Programmatic flat layout split optimization.,0.0,0.0,2.0,0.0,1.0,0.0
Synthetic_Engine_Fast,Lower interest rates improved credit availability yet wage growth remained subdued,Programmatic flat layout split optimization.,1.0,0.0,0.0,2.0,0.0,0.0
Synthetic_Engine_Fast,Export volumes hit a record high while the trade deficit continued to widen,Programmatic flat layout split optimization.,2.0,0.0,0.0,0.0,0.0,1.0
Synthetic_Engine_Fast,Core inflation moderated but the housing market showed signs of overheating,Programmatic flat layout split optimization.,0.0,1.0,2.0,0.0,0.0,0.0
Synthetic_Engine_Fast,Retail sales expanded rapidly as consumers took on more debt amid rising defaults,Programmatic flat layout split optimization.,2.0,0.0,0.0,1.0,0.0,0.0
Synthetic_Engine_Fast,"Tax revenues exceeded expectations, but public pension obligations grew unsustainably",Programmatic flat layout split optimization.,0.0,0.0,0.0,0.0,1.0,2.0
Synthetic_Engine_Fast,"The currency appreciation lowered import costs, but exporters lost global competitiveness",Programmatic flat layout split optimization.,0.0,0.0,2.0,0.0,0.0,1.0
Synthetic_Engine_Fast,Employment in the tech sector rose sharply while wage inflation surged across industries,Programmatic flat layout split optimization.,0.0,2.0,0.0,1.0,0.0,0.0
Synthetic_Engine_Fast,"Corporate tax cuts boosted business confidence, though income inequality measures worsened",Programmatic flat layout split optimization.,0.0,0.0,0.0,2.0,1.0,0.0
Synthetic_Engine_Fast,"Strong consumer spending boosts GDP growth, but the central bank's tightening cycle has raised borrowing costs.",Programmatic flat layout split optimization.,2.0,0.0,0.0,1.0,0.0,0.0
Synthetic_Engine_Fast,"Export volumes surged due to global demand, yet rising import prices widened the trade deficit.",Programmatic flat layout split optimization.,0.0,2.0,0.0,0.0,0.0,1.0
Synthetic_Engine_Fast,"The fiscal stimulus package spurred infrastructure projects, though it added significantly to public debt.",Programmatic flat layout split optimization.,0.0,0.0,1.0,0.0,2.0,0.0
Synthetic_Engine_Fast,"Wage increases lifted household purchasing power, but higher payroll taxes dampened business hiring.",Programmatic flat layout split optimization.,0.0,0.0,0.0,1.0,2.0,0.0
Synthetic_Engine_Fast,"Low unemployment continues to support aggregate demand, while persistent supply bottlenecks constrain industrial output.",Programmatic flat layout split optimization.,0.0,0.0,2.0,1.0,0.0,0.0
Synthetic_Engine_Fast,"The central bank's rate cuts eased credit conditions, but they fueled speculative asset bubbles.",Programmatic flat layout split optimization.,1.0,2.0,0.0,0.0,0.0,0.0
Synthetic_Engine_Fast,"Inflation moderated due to falling energy prices, reducing cost pressures, which in turn slowed consumer spending.",Programmatic flat layout split optimization.,0.0,1.0,0.0,2.0,0.0,0.0
Synthetic_Engine_Fast,"The drop in unemployment boosted household incomes, but it also led to tighter labor markets and wage inflation.",Programmatic flat layout split optimization.,0.0,2.0,0.0,1.0,0.0,0.0
Synthetic_Engine_Fast,"Government spending on R&D enhanced long-term productivity, while short-term fiscal deficits raised borrowing costs.",Programmatic flat layout split optimization.,2.0,0.0,0.0,0.0,1.0,0.0
Synthetic_Engine_Fast,"Foreign direct investment inflows strengthened capital formation, but they also increased exposure to global financial volatility.",Programmatic flat layout split optimization.,2.0,0.0,0.0,0.0,0.0,1.0
Synthetic_Engine_Fast,"Retail sales expanded robustly, yet inventory accumulation signals possible overproduction risks.",Programmatic flat layout split optimization.,0.0,0.0,2.0,1.0,0.0,0.0
Synthetic_Engine_Fast,"Cheaper imports reduced consumer prices, but they undercut domestic manufacturing competitiveness.",Programmatic flat layout split optimization.,0.0,0.0,2.0,0.0,0.0,1.0
Synthetic_Engine_Fast,"The recent interest rate cut lowered borrowing costs, but core inflation remains stubbornly high.",Programmatic flat layout split optimization.,1.0,2.0,0.0,0.0,0.0,0.0
Synthetic_Engine_Fast,"Strong corporate earnings boosted business investment, yet consumer confidence slumped amid rising layoffs.",Programmatic flat layout split optimization.,0.0,0.0,1.0,2.0,0.0,0.0
Synthetic_Engine_Fast,"Government infrastructure spending is fueling construction jobs, however the trade deficit widened sharply this quarter.",Programmatic flat layout split optimization.,0.0,0.0,0.0,0.0,1.0,2.0
Synthetic_Engine_Fast,"The labor market tightened as unemployment fell to a record low, but wage growth is not keeping up with inflation.",Programmatic flat layout split optimization.,0.0,2.0,0.0,1.0,0.0,0.0
Synthetic_Engine_Fast,"Export volumes surged due to strong global demand, but the central bank's tightening cycle is slowing domestic credit creation.",Programmatic flat layout split optimization.,2.0,0.0,0.0,0.0,0.0,1.0
Synthetic_Engine_Fast,"Broad-based price increases in services are still elevated, while manufacturing output continues to expand robustly.",Programmatic flat layout split optimization.,0.0,2.0,1.0,0.0,0.0,0.0
Synthetic_Engine_Fast,"Household spending picked up in August supported by tax rebates, however the government is running a larger-than-expected deficit.",Programmatic flat layout split optimization.,0.0,0.0,0.0,1.0,2.0,0.0
Synthetic_Engine_Fast,"The central bank maintained an accommodative stance, but the current account deficit is widening on higher import costs.",Programmatic flat layout split optimization.,1.0,0.0,0.0,0.0,0.0,2.0
Synthetic_Engine_Fast,"Wage pressures are rising as firms scramble for talent, though the slowdown in housing construction persists.",Programmatic flat layout split optimization.,0.0,0.0,2.0,1.0,0.0,0.0
Synthetic_Engine_Fast,"Agricultural output rebounded strongly after drought, yet food price inflation continues to strain household budgets.",Programmatic flat layout split optimization.,0.0,2.0,1.0,0.0,0.0,0.0
Synthetic_Engine_Fast,"The government's stimulus checks temporarily boosted retail sales, but long-term fiscal sustainability is in question.",Programmatic flat layout split optimization.,0.0,0.0,0.0,1.0,2.0,0.0
Synthetic_Engine_Fast,"Export competitiveness improved due to a weaker currency, however imported inflation is eroding real incomes.",Programmatic flat layout split optimization.,0.0,2.0,0.0,0.0,0.0,1.0
Synthetic_Engine_Fast,"Corporate borrowing rates fell to historic lows, but the unemployment rate ticked up unexpectedly.",Programmatic flat layout split optimization.,1.0,0.0,0.0,2.0,0.0,0.0
Synthetic_Engine_Fast,"New home sales surged last month aided by low mortgage rates, yet consumer confidence in the job market weakened.",Programmatic flat layout split optimization.,0.0,0.0,1.0,2.0,0.0,0.0
Synthetic_Engine_Fast,"The fiscal deficit narrowed as tax revenues improved, but monetary policy remains constrained by persistent inflation.",Programmatic flat layout split optimization.,0.0,2.0,0.0,0.0,1.0,0.0
Synthetic_Engine_Fast,The recent interest rate cut boosted investment but fueled consumer price hikes.,Programmatic flat layout split optimization.,1.0,2.0,0.0,0.0,0.0,0.0
Synthetic_Engine_Fast,Export growth strengthened the trade balance while import costs eroded margins.,Programmatic flat layout split optimization.,0.0,0.0,2.0,0.0,0.0,1.0
Synthetic_Engine_Fast,A surge in hiring lowered unemployment yet pushed up wage-driven inflation.,Programmatic flat layout split optimization.,0.0,2.0,0.0,1.0,0.0,0.0
Synthetic_Engine_Fast,Government infrastructure spending created jobs but widened the fiscal deficit.,Programmatic flat layout split optimization.,0.0,0.0,0.0,2.0,1.0,0.0
Synthetic_Engine_Fast,The central bank's forex intervention stabilized the currency but drained reserves.,Programmatic flat layout split optimization.,1.0,0.0,0.0,0.0,0.0,2.0
Synthetic_Engine_Fast,"Corporate tax cuts stimulated business expansion, though they reduced public revenue.",Programmatic flat layout split optimization.,0.0,0.0,2.0,0.0,1.0,0.0
Synthetic_Engine_Fast,"Lower borrowing costs spurred construction activity, yet housing supply failed to keep pace.",Programmatic flat layout split optimization.,1.0,0.0,2.0,0.0,0.0,0.0
Synthetic_Engine_Fast,"Strong retail sales indicated robust consumer demand, but import volumes surged unsustainably.",Programmatic flat layout split optimization.,0.0,0.0,0.0,1.0,0.0,2.0
Synthetic_Engine_Fast,"A bumper harvest lowered food prices, while falling agricultural exports hurt farm incomes.",Programmatic flat layout split optimization.,0.0,1.0,0.0,0.0,0.0,2.0
Synthetic_Engine_Fast,"Productivity gains lifted output per worker, but automation displaced low-skill jobs.",Programmatic flat layout split optimization.,0.0,0.0,1.0,2.0,0.0,0.0
Synthetic_Engine_Fast,"Strict fiscal consolidation reduced sovereign debt risk, yet public investment stalled.",Programmatic flat layout split optimization.,0.0,0.0,2.0,0.0,1.0,0.0
Synthetic_Engine_Fast,"Inflation targeting anchored expectations, though tight policy suppressed credit growth.",Programmatic flat layout split optimization.,2.0,1.0,0.0,0.0,0.0,0.0
Synthetic_Engine_Fast,"Rising remittance inflows supported household spending, pushing the current account into surplus.",Programmatic flat layout split optimization.,0.0,0.0,0.0,2.0,0.0,1.0
Synthetic_Engine_Fast,"Wage subsidies preserved employment levels, but they increased long-term fiscal obligations.",Programmatic flat layout split optimization.,0.0,0.0,0.0,1.0,2.0,0.0
Synthetic_Engine_Fast,"Energy subsidies lowered production costs, but they distorted market signals and drained budget.",Programmatic flat layout split optimization.,0.0,1.0,0.0,0.0,2.0,0.0
Synthetic_Engine_Fast,"The central bank's decision to cut interest rates boosted business confidence, but rising import costs are widening the trade deficit.",Programmatic flat layout split optimization.,1.0,0.0,0.0,0.0,0.0,2.0
Synthetic_Engine_Fast,"Consumer spending surged last quarter due to tax rebates, yet persistent drought conditions severely reduced agricultural output.",Programmatic flat layout split optimization.,0.0,0.0,2.0,1.0,0.0,0.0
Synthetic_Engine_Fast,"Strong job growth in the service sector improved household incomes, while the government's increased borrowing pushed up long-term bond yields.",Programmatic flat layout split optimization.,0.0,0.0,0.0,1.0,2.0,0.0
Synthetic_Engine_Fast,"Export volumes reached a record high as global demand strengthened, but accelerating wage growth is driving up production costs for manufacturers.",Programmatic flat layout split optimization.,0.0,2.0,0.0,0.0,0.0,1.0
Synthetic_Engine_Fast,"The fiscal stimulus package successfully funded infrastructure projects, but the resulting higher public debt raised concerns among international investors.",Programmatic flat layout split optimization.,2.0,0.0,0.0,0.0,1.0,0.0
Synthetic_Engine_Fast,"Inflation moderated to within the target range, improving consumer purchasing power, although corporate investment stalled due to uncertainty about future trade policies.",Programmatic flat layout split optimization.,0.0,1.0,2.0,0.0,0.0,0.0
Synthetic_Engine_Fast,"Lower corporate tax rates incentivized capital spending, yet the appreciating currency reduced competitiveness of domestically produced goods abroad.",Programmatic flat layout split optimization.,0.0,0.0,0.0,0.0,1.0,2.0
Synthetic_Engine_Fast,"The unemployment rate fell to a three-year low as new startups hired aggressively, but the housing market slowdown dragged down overall economic growth.",Programmatic flat layout split optimization.,0.0,0.0,2.0,1.0,0.0,0.0
Synthetic_Engine_Fast,"Improved access to credit for small businesses spurred innovation, while rising energy prices eroded profit margins across the industrial sector.",Programmatic flat layout split optimization.,1.0,2.0,0.0,0.0,0.0,0.0
Synthetic_Engine_Fast,"Surging foreign direct investment boosted technology transfers, but stricter environmental regulations increased compliance costs for heavy industry.",Programmatic flat layout split optimization.,0.0,0.0,0.0,0.0,2.0,1.0
Synthetic_Engine_Fast,"Strong retail sales data signaled robust domestic demand, yet a sharp decline in stock market wealth hurt consumer confidence and spending plans.",Programmatic flat layout split optimization.,2.0,0.0,0.0,1.0,0.0,0.0
Synthetic_Engine_Fast,"The government's new export promotion scheme expanded market access, but a prolonged drought threatened to increase food price volatility.",Programmatic flat layout split optimization.,0.0,2.0,0.0,0.0,0.0,1.0
Synthetic_Engine_Fast,"Real GDP growth accelerated due to higher public infrastructure spending, while tight labor market conditions pushed wages up faster than productivity gains.",Programmatic flat layout split optimization.,0.0,0.0,1.0,2.0,0.0,0.0
Synthetic_Engine_Fast,"Lower reserve requirements freed up bank liquidity for lending, but a sudden spike in global commodity prices raised inflation expectations.",Programmatic flat layout split optimization.,1.0,2.0,0.0,0.0,0.0,0.0
Synthetic_Engine_Fast,"Strong tourism revenues improved the current account balance, yet rising interest rates suppressed domestic housing construction activity.",Programmatic flat layout split optimization.,0.0,0.0,2.0,0.0,0.0,1.0
Synthetic_Engine_Fast,The latest interest rate cut has boosted lending activity but raised concerns about future inflation pressures.,Programmatic flat layout split optimization.,1.0,2.0,0.0,0.0,0.0,0.0
Synthetic_Engine_Fast,Strong export growth is supporting the trade balance while domestic demand remains sluggish due to high household debt.,Programmatic flat layout split optimization.,0.0,0.0,2.0,0.0,0.0,1.0
Synthetic_Engine_Fast,"Government infrastructure spending is creating jobs, yet the widening fiscal deficit threatens long-term debt sustainability.",Programmatic flat layout split optimization.,0.0,0.0,0.0,2.0,1.0,0.0
Synthetic_Engine_Fast,"Consumer confidence is rising on the back of lower unemployment, but core inflation continues to erode purchasing power.",Programmatic flat layout split optimization.,0.0,2.0,0.0,1.0,0.0,0.0
Synthetic_Engine_Fast,"The central bank’s quantitative easing program has stabilized bond markets, but it has also increased moral hazard in the banking sector.",Programmatic flat layout split optimization.,1.0,0.0,0.0,0.0,2.0,0.0
Synthetic_Engine_Fast,"A bumper harvest has reduced food prices and improved rural incomes, yet industrial output is contracting due to weak global demand.",Programmatic flat layout split optimization.,0.0,1.0,2.0,0.0,0.0,0.0
Synthetic_Engine_Fast,"Wage growth in the service sector is lifting household incomes, while manufacturing layoffs signal a deepening labor market divergence.",Programmatic flat layout split optimization.,0.0,0.0,2.0,1.0,0.0,0.0
Synthetic_Engine_Fast,"The recent trade agreement has opened new markets for exporters, but tariff reductions are straining customs revenue.",Programmatic flat layout split optimization.,0.0,0.0,0.0,0.0,2.0,1.0
Synthetic_Engine_Fast,"Corporate tax reforms are encouraging investment, but the resulting dip in government revenue may force spending cuts.",Programmatic flat layout split optimization.,0.0,0.0,2.0,0.0,1.0,0.0
Synthetic_Engine_Fast,"Easing credit conditions are supporting small business expansion, even as rising mortgage delinquencies threaten financial stability.",Programmatic flat layout split optimization.,1.0,0.0,0.0,2.0,0.0,0.0
Synthetic_Engine_Fast,"Agricultural subsidies are boosting farm output, yet they are diverting resources from more productive sectors.",Programmatic flat layout split optimization.,0.0,0.0,1.0,0.0,2.0,0.0
Synthetic_Engine_Fast,"Falling energy prices are lowering production costs across industries, but deflation fears are delaying consumer spending.",Programmatic flat layout split optimization.,0.0,1.0,0.0,2.0,0.0,0.0
Synthetic_Engine_Fast,"A surge in foreign direct investment is modernizing technological infrastructure, though it is also widening the current account surplus.",Programmatic flat layout split optimization.,2.0,0.0,0.0,0.0,0.0,1.0
Synthetic_Engine_Fast,"Higher minimum wages are reducing income inequality, but they are also increasing operational costs for small retailers.",Programmatic flat layout split optimization.,0.0,2.0,0.0,1.0,0.0,0.0
Synthetic_Engine_Fast,"The central bank's aggressive rate cut boosted liquidity in financial markets, yet it fueled fears of future inflationary pressures.",Programmatic flat layout split optimization.,1.0,2.0,0.0,0.0,0.0,0.0
Synthetic_Engine_Fast,"While consumer spending remains robust supporting economic growth, the persistent budget deficit raises concerns over fiscal sustainability.",Programmatic flat layout split optimization.,0.0,0.0,0.0,1.0,2.0,0.0
Synthetic_Engine_Fast,"Export demand surged boosting the external sector, however rising import costs are feeding into domestic inflation.",Programmatic flat layout split optimization.,0.0,2.0,0.0,0.0,0.0,1.0
Synthetic_Engine_Fast,"GDP growth accelerated this quarter driven by strong industrial output, yet unemployment stubbornly remains high.",Programmatic flat layout split optimization.,0.0,0.0,1.0,2.0,0.0,0.0
Synthetic_Engine_Fast,"Tax revenues exceeded expectations giving fiscal space, but the central bank's tightening cycle is choking credit growth.",Programmatic flat layout split optimization.,2.0,0.0,0.0,0.0,1.0,0.0
Synthetic_Engine_Fast,"Inflation moderated sharply due to falling energy prices, yet the housing market slump continues to drag on overall activity.",Programmatic flat layout split optimization.,0.0,1.0,2.0,0.0,0.0,0.0
Synthetic_Engine_Fast,"The labor force participation rate hit a new high, but the current account deficit widened unexpectedly.",Programmatic flat layout split optimization.,0.0,0.0,0.0,1.0,0.0,2.0
Synthetic_Engine_Fast,"Low interest rates spurred business borrowing, yet the economy contracted slightly in the last quarter.",Programmatic flat layout split optimization.,1.0,0.0,2.0,0.0,0.0,0.0
Synthetic_Engine_Fast,"A record harvest boosted agricultural exports, but the strong dollar depressed manufacturing output.",Programmatic flat layout split optimization.,0.0,0.0,2.0,0.0,0.0,1.0
Synthetic_Engine_Fast,"Government stimulus checks lifted consumer spending, but inflation expectations surged as a result.",Programmatic flat layout split optimization.,0.0,2.0,0.0,0.0,1.0,0.0
Synthetic_Engine_Fast,"Job openings surged across sectors, but the central bank's tightening cycle threatens to slow hiring.",Programmatic flat layout split optimization.,2.0,0.0,0.0,1.0,0.0,0.0
Synthetic_Engine_Fast,"Inflation expectations remain well-anchored, but the government's borrowing costs are rising sharply.",Programmatic flat layout split optimization.,0.0,1.0,0.0,0.0,2.0,0.0
Synthetic_Engine_Fast,"Industrial production rose robustly, but exports fell due to weak foreign demand.",Programmatic flat layout split optimization.,0.0,0.0,1.0,0.0,0.0,2.0
Synthetic_Engine_Fast,"The current account surplus improved dramatically, yet the fiscal deficit continues to widen.",Programmatic flat layout split optimization.,0.0,0.0,0.0,0.0,2.0,1.0
Synthetic_Engine_Fast,"Despite the central bank's aggressive rate hikes cooling credit growth, the stubbornly high core inflation continues to erode household purchasing power.",Programmatic flat layout split optimization.,1.0,2.0,0.0,0.0,0.0,0.0
Synthetic_Engine_Fast,"Low unemployment and rising wages supported consumer spending, while supply chain bottlenecks kept producer prices elevated, squeezing margins.",Programmatic flat layout split optimization.,0.0,2.0,0.0,1.0,0.0,0.0
Synthetic_Engine_Fast,"The manufacturing PMI climbed into expansion territory, but retail sales data showed a sharp decline as higher interest rates choked off demand.",Programmatic flat layout split optimization.,0.0,0.0,1.0,2.0,0.0,0.0
Synthetic_Engine_Fast,"Foreign direct investment inflows improved the capital account, yet the overvalued currency hurt export competitiveness and weakened industrial output.",Programmatic flat layout split optimization.,0.0,0.0,2.0,0.0,0.0,1.0
Synthetic_Engine_Fast,"The central bank's forward guidance on stable policy rates provided certainty to markets, although persistent food price volatility kept headline inflation above target.",Programmatic flat layout split optimization.,1.0,2.0,0.0,0.0,0.0,0.0
Synthetic_Engine_Fast,"Housing starts rebounded sharply in response to lower mortgage rates, while consumer confidence sagged due to rising layoffs in the tech sector.",Programmatic flat layout split optimization.,0.0,0.0,1.0,2.0,0.0,0.0
Synthetic_Engine_Fast,"The current account surplus narrowed less than expected, reflecting resilient services exports, but import compression from weak domestic demand signaled a looming recession.",Programmatic flat layout split optimization.,0.0,0.0,2.0,0.0,0.0,1.0
Synthetic_Engine_Fast,"Jobless claims fell to a historic low, fueling wage growth, yet the service sector's input costs spiked, forcing firms to pass through price increases.",Programmatic flat layout split optimization.,0.0,2.0,0.0,1.0,0.0,0.0
Synthetic_Engine_Fast,"Monetary easing via reserve requirement cuts injected liquidity into the banking system, but the real estate sector's overhang of unsold homes posed a risk to financial stability.",Programmatic flat layout split optimization.,1.0,0.0,2.0,0.0,0.0,0.0
Synthetic_Engine_Fast,"Agricultural output grew robustly due to favorable monsoons, but the rise in fertilizer subsidies strained the fiscal budget and diverted funds from education.",Programmatic flat layout split optimization.,0.0,0.0,1.0,0.0,2.0,0.0
Synthetic_Engine_Fast,"Wage indexation protected real incomes in the formal sector, yet informal workers bore the brunt of rising living costs, widening inequality.",Programmatic flat layout split optimization.,0.0,2.0,0.0,1.0,0.0,0.0
Synthetic_Engine_Fast,"The central bank's accommodative stance boosted lending activity, but it also stoked fears of persistent inflation.",Programmatic flat layout split optimization.,1.0,2.0,0.0,0.0,0.0,0.0
Synthetic_Engine_Fast,"Manufacturing output expanded for the third consecutive month, even as producer prices accelerated sharply.",Programmatic flat layout split optimization.,0.0,2.0,1.0,0.0,0.0,0.0
Synthetic_Engine_Fast,"Consumer spending remained strong amid higher disposable incomes, but import dependency grew, pressuring the current account.",Programmatic flat layout split optimization.,0.0,0.0,0.0,1.0,0.0,2.0
Synthetic_Engine_Fast,"Housing starts reached a new high, thanks to low mortgage rates, but home price inflation continued to outpace income growth.",Programmatic flat layout split optimization.,1.0,2.0,0.0,0.0,0.0,0.0
Synthetic_Engine_Fast,"Business capital expenditure rebounded on favorable financing conditions, while inventory levels swelled, signaling potential overstock.",Programmatic flat layout split optimization.,1.0,0.0,2.0,0.0,0.0,0.0
Synthetic_Engine_Fast,"The current account surplus improved with rising commodity exports, yet real wage growth lagged behind productivity gains.",Programmatic flat layout split optimization.,0.0,0.0,0.0,2.0,0.0,1.0
Synthetic_Engine_Fast,"Unemployment fell to a record low, but core inflation remained stubbornly above the central bank's target.",Programmatic flat layout split optimization.,0.0,2.0,0.0,1.0,0.0,0.0
Synthetic_Engine_Fast,"The weaker currency improved export competitiveness, but it also raised the cost of imported intermediate goods.",Programmatic flat layout split optimization.,0.0,2.0,0.0,0.0,0.0,1.0
Synthetic_Engine_Fast,"The recent interest rate hike by the central bank has strengthened the currency and supported capital inflows, yet it has simultaneously increased borrowing costs for businesses and dampened investment.",Programmatic flat layout split optimization.,1.0,0.0,0.0,0.0,2.0,0.0
Synthetic_Engine_Fast,"While consumer spending remains robust due to strong employment gains, the persistent rise in energy prices is eroding household purchasing power.",Programmatic flat layout split optimization.,0.0,2.0,0.0,1.0,0.0,0.0
Synthetic_Engine_Fast,"The government’s new infrastructure package is expected to boost long-term productivity, but the short-term increase in public debt raises concerns about fiscal sustainability.",Programmatic flat layout split optimization.,0.0,0.0,1.0,0.0,2.0,0.0
Synthetic_Engine_Fast,"Export volumes have surged on the back of a weaker exchange rate, but the accompanying rise in import costs is widening the trade deficit.",Programmatic flat layout split optimization.,0.0,2.0,0.0,0.0,0.0,1.0
Synthetic_Engine_Fast,"Low unemployment and rising wages are fueling domestic demand, yet the labor market tightness is creating upward pressure on unit labor costs.",Programmatic flat layout split optimization.,0.0,2.0,0.0,1.0,0.0,0.0
Synthetic_Engine_Fast,"The central bank’s decision to maintain accommodative monetary policy has supported credit growth, although it risks fueling asset price bubbles.",Programmatic flat layout split optimization.,1.0,0.0,2.0,0.0,0.0,0.0
Synthetic_Engine_Fast,"Strong corporate earnings have driven stock market gains and improved business sentiment, but the higher cost of raw materials is squeezing profit margins.",Programmatic flat layout split optimization.,0.0,2.0,1.0,0.0,0.0,0.0
Synthetic_Engine_Fast,"The recent tax cuts have stimulated consumer spending and business investment, yet they have also led to a significant increase in the fiscal deficit.",Programmatic flat layout split optimization.,0.0,0.0,0.0,2.0,1.0,0.0
Synthetic_Engine_Fast,"A surge in foreign direct investment is financing the current account deficit, but the reliance on volatile capital flows increases external vulnerability.",Programmatic flat layout split optimization.,2.0,0.0,0.0,0.0,0.0,1.0
Synthetic_Engine_Fast,"The agricultural sector is benefiting from favorable weather conditions and higher crop yields, but food price inflation is hurting low-income households.",Programmatic flat layout split optimization.,0.0,2.0,1.0,0.0,0.0,0.0
Synthetic_Engine_Fast,"Record low mortgage rates have boosted housing construction and home sales, though they have also contributed to soaring property prices.",Programmatic flat layout split optimization.,1.0,2.0,0.0,0.0,0.0,0.0
Synthetic_Engine_Fast,"The labor force participation rate has risen sharply, expanding the potential output, yet wage growth remains sluggish, constraining aggregate demand.",Programmatic flat layout split optimization.,0.0,0.0,2.0,1.0,0.0,0.0
Synthetic_Engine_Fast,"The government’s fiscal stimulus package has successfully supported aggregate demand during the downturn, but it has also pushed public debt beyond 100% of GDP.",Programmatic flat layout split optimization.,0.0,0.0,0.0,0.0,1.0,2.0
Synthetic_Engine_Fast,"Improving terms of trade have increased national income, yet the appreciation of the domestic currency is hurting export competitiveness.",Programmatic flat layout split optimization.,0.0,0.0,2.0,0.0,0.0,1.0
Synthetic_Engine_Fast,"The banking sector is well-capitalized and lending is expanding, but the rapid growth in household credit poses risks to financial stability.",Programmatic flat layout split optimization.,1.0,0.0,0.0,2.0,0.0,0.0
Synthetic_Engine_Fast,Rising interest rates have helped curb speculative lending but have also increased the cost of borrowing for small businesses.,Programmatic flat layout split optimization.,1.0,0.0,2.0,0.0,0.0,0.0
Synthetic_Engine_Fast,Consumer spending on durable goods remains strong despite persistent price increases for household essentials.,Programmatic flat layout split optimization.,0.0,2.0,0.0,1.0,0.0,0.0
Synthetic_Engine_Fast,The central bank's liquidity injection stabilized bond markets while fueling concerns about future asset bubbles.,Programmatic flat layout split optimization.,1.0,0.0,0.0,0.0,2.0,0.0
Synthetic_Engine_Fast,"Export volumes surged this quarter due to favorable exchange rates, yet import costs climbed sharply because of global supply disruptions.",Programmatic flat layout split optimization.,0.0,2.0,0.0,0.0,0.0,1.0
Synthetic_Engine_Fast,Employment growth in the service sector accelerated even as manufacturing payrolls contracted amid weakening foreign demand.,Programmatic flat layout split optimization.,0.0,0.0,0.0,1.0,0.0,2.0
Synthetic_Engine_Fast,"Core inflation eased slightly last month, but housing costs continued to rise at an alarming rate.",Programmatic flat layout split optimization.,0.0,1.0,0.0,2.0,0.0,0.0
Synthetic_Engine_Fast,"Wage gains in manufacturing outpaced productivity growth, adding to cost pressures for exporters.",Programmatic flat layout split optimization.,0.0,0.0,0.0,1.0,0.0,2.0
Synthetic_Engine_Fast,"The trade deficit narrowed as energy exports rose, while domestic investors repatriated capital from overseas markets.",Programmatic flat layout split optimization.,2.0,0.0,0.0,0.0,0.0,1.0
Synthetic_Engine_Fast,"Corporate tax cuts spurred capital investment, yet the resulting revenue shortfall raised concerns about debt sustainability.",Programmatic flat layout split optimization.,0.0,0.0,1.0,0.0,2.0,0.0
Synthetic_Engine_Fast,"Consumer confidence improved as job openings increased, but real disposable income fell due to higher utility bills.",Programmatic flat layout split optimization.,0.0,2.0,0.0,1.0,0.0,0.0
Synthetic_Engine_Fast,"The central bank maintained an accommodative stance to support growth, but long-term bond yields spiked on inflation fears.",Programmatic flat layout split optimization.,1.0,2.0,0.0,0.0,0.0,0.0
Synthetic_Engine_Fast,"Agricultural output rebounded with favorable weather, though logistics bottlenecks delayed shipments to key international markets.",Programmatic flat layout split optimization.,0.0,0.0,1.0,0.0,0.0,2.0
Synthetic_Engine_Fast,"Household savings rates rose amid cautious spending, while credit card delinquencies hit a five-year low.",Programmatic flat layout split optimization.,2.0,0.0,0.0,1.0,0.0,0.0
Synthetic_Engine_Fast,"Fiscal austerity measures reduced the public debt ratio but also cut essential public health funding, slowing economic activity.",Programmatic flat layout split optimization.,0.0,0.0,2.0,0.0,1.0,0.0
Synthetic_Engine_Fast,"Tax revenue exceeded forecasts due to higher corporate profits, but government debt service costs are rising.",Programmatic flat layout split optimization.,0.0,0.0,0.0,2.0,1.0,0.0
Synthetic_Engine_Fast,"The unemployment rate fell to a 20-year low, although wage growth remains below inflation.",Programmatic flat layout split optimization.,0.0,2.0,0.0,1.0,0.0,0.0
Synthetic_Engine_Fast,"Manufacturing output expanded for the fourth consecutive month, while credit conditions continue to tighten.",Programmatic flat layout split optimization.,2.0,0.0,1.0,0.0,0.0,0.0
Synthetic_Engine_Fast,"Inflation eased slightly after energy prices declined, but food costs remain stubbornly high.",Programmatic flat layout split optimization.,0.0,1.0,2.0,0.0,0.0,0.0
Synthetic_Engine_Fast,"Housing starts increased as mortgage rates stabilized, yet household debt reached a new record.",Programmatic flat layout split optimization.,0.0,0.0,1.0,2.0,0.0,0.0
Synthetic_Engine_Fast,"Foreign direct investment inflows hit a record high, but the current account deficit deepened.",Programmatic flat layout split optimization.,0.0,0.0,0.0,0.0,2.0,1.0
Synthetic_Engine_Fast,"The central bank maintained its accommodative stance, while fiscal deficits are crowding out private investment.",Programmatic flat layout split optimization.,1.0,0.0,2.0,0.0,0.0,0.0
Synthetic_Engine_Fast,"Job gains were broad-based across sectors, but part-time employment accounted for most of the increase.",Programmatic flat layout split optimization.,0.0,0.0,2.0,1.0,0.0,0.0
Synthetic_Engine_Fast,"Sovereign bond yields fell amid safe-haven demand, yet the government’s borrowing needs are growing.",Programmatic flat layout split optimization.,2.0,0.0,0.0,0.0,1.0,0.0
Synthetic_Engine_Fast,"Retail sales rose sharply as consumer confidence improved, but savings rates dropped to historic lows.",Programmatic flat layout split optimization.,0.0,2.0,0.0,1.0,0.0,0.0
Synthetic_Engine_Fast,"The trade balance improved on higher commodity exports, while domestic demand weakened further.",Programmatic flat layout split optimization.,0.0,0.0,2.0,0.0,0.0,1.0
Synthetic_Engine_Fast,"Industrial production rebounded strongly, though capacity utilization remains below pre-pandemic levels.",Programmatic flat layout split optimization.,0.0,0.0,1.0,2.0,0.0,0.0
Synthetic_Engine_Fast,"Inflation expectations remain well-anchored, but core inflation is still above the target range.",Programmatic flat layout split optimization.,1.0,2.0,0.0,0.0,0.0,0.0
Synthetic_Engine_Fast,"While GDP growth accelerated in Q3, core inflation remained stubbornly above the target range.",Programmatic flat layout split optimization.,0.0,2.0,1.0,0.0,0.0,0.0
Synthetic_Engine_Fast,"Unemployment dropped to a historic low this quarter, yet the widening budget deficit raised concerns over long-term debt sustainability.",Programmatic flat layout split optimization.,0.0,0.0,0.0,1.0,2.0,0.0
Synthetic_Engine_Fast,"The central bank's interest rate cut boosted private sector credit growth, but the persistent current account deficit weakened the currency.",Programmatic flat layout split optimization.,1.0,0.0,0.0,0.0,0.0,2.0
Synthetic_Engine_Fast,"Export volumes surged due to strong foreign demand, although domestic manufacturing output contracted sharply.",Programmatic flat layout split optimization.,0.0,0.0,2.0,0.0,0.0,1.0
Synthetic_Engine_Fast,"Government infrastructure spending increased significantly, but the construction sector is facing severe labor shortages.",Programmatic flat layout split optimization.,0.0,0.0,0.0,2.0,1.0,0.0
Synthetic_Engine_Fast,"Consumer price growth moderated last month, as tighter financial conditions dampened demand.",Programmatic flat layout split optimization.,2.0,1.0,0.0,0.0,0.0,0.0
Synthetic_Engine_Fast,"Business investment rose at its fastest pace in years, while the trade deficit widened to a record high.",Programmatic flat layout split optimization.,0.0,0.0,1.0,0.0,0.0,2.0
Synthetic_Engine_Fast,"Wage growth accelerated as the labor market tightened, but rising food prices eroded real incomes.",Programmatic flat layout split optimization.,0.0,2.0,0.0,1.0,0.0,0.0
Synthetic_Engine_Fast,"Lower borrowing costs supported corporate refinancing, yet the government's rising debt-to-GDP ratio threatened fiscal credibility.",Programmatic flat layout split optimization.,1.0,0.0,0.0,0.0,2.0,0.0
Synthetic_Engine_Fast,"The surplus in the services trade expanded, but employment in retail trade continues to decline.",Programmatic flat layout split optimization.,0.0,0.0,0.0,2.0,0.0,1.0
Synthetic_Engine_Fast,"The new fiscal stimulus package spurred aggregate demand, but the central bank faced increasing difficulty in managing liquidity.",Programmatic flat layout split optimization.,2.0,0.0,0.0,0.0,1.0,0.0
Synthetic_Engine_Fast,"Headline inflation fell below expectations due to lower energy costs, although industrial production stalled.",Programmatic flat layout split optimization.,0.0,1.0,2.0,0.0,0.0,0.0
Synthetic_Engine_Fast,"Employment gains in the technology sector were strong, but the weakening global outlook reduced export orders.",Programmatic flat layout split optimization.,0.0,0.0,0.0,1.0,0.0,2.0
Synthetic_Engine_Fast,"The central bank's forward guidance stabilized market expectations, while core inflation remained sticky at elevated levels.",Programmatic flat layout split optimization.,1.0,2.0,0.0,0.0,0.0,0.0
Synthetic_Engine_Fast,"Retail sales data exceeded forecasts, but the government's decision to increase taxes weighed on consumption sentiment.",Programmatic flat layout split optimization.,0.0,0.0,1.0,0.0,2.0,0.0
Synthetic_Engine_Fast,"Slowing wage growth has tempered consumer spending, but the central bank's rate cuts are boosting investment.",Programmatic flat layout split optimization.,1.0,0.0,0.0,2.0,0.0,0.0
Synthetic_Engine_Fast,"Export volumes surged this quarter, yet persistent budget deficits continue to undermine fiscal credibility.",Programmatic flat layout split optimization.,0.0,0.0,0.0,0.0,2.0,1.0
Synthetic_Engine_Fast,"The labor market tightened further with record low unemployment, though rising unit labor costs are squeezing corporate margins.",Programmatic flat layout split optimization.,0.0,2.0,0.0,1.0,0.0,0.0
Synthetic_Engine_Fast,"An unexpected drop in inflation allowed real incomes to rise, but weak manufacturing output points to a broader slowdown.",Programmatic flat layout split optimization.,0.0,1.0,2.0,0.0,0.0,0.0
Synthetic_Engine_Fast,"The government’s new infrastructure spending is stimulating construction, while a surging trade deficit is draining foreign reserves.",Programmatic flat layout split optimization.,0.0,0.0,0.0,0.0,1.0,2.0
Synthetic_Engine_Fast,"Lower interest rates are encouraging business borrowing, yet household savings rates have fallen to dangerously low levels.",Programmatic flat layout split optimization.,1.0,0.0,0.0,2.0,0.0,0.0
Synthetic_Engine_Fast,"Agricultural output rebounded strongly after favorable weather, but import tariffs are pushing up consumer prices across the board.",Programmatic flat layout split optimization.,0.0,2.0,1.0,0.0,0.0,0.0
Synthetic_Engine_Fast,"Corporate tax cuts are fueling capital expenditure, even as a strong dollar hurts export competitiveness.",Programmatic flat layout split optimization.,0.0,0.0,0.0,0.0,1.0,2.0
Synthetic_Engine_Fast,"Job vacancies remain elevated, supporting household income, but sticky core inflation forces the central bank to hold rates high.",Programmatic flat layout split optimization.,2.0,0.0,0.0,1.0,0.0,0.0
Synthetic_Engine_Fast,"Declining energy costs have eased consumer price pressures, yet a housing market crash is eroding household wealth.",Programmatic flat layout split optimization.,0.0,1.0,0.0,2.0,0.0,0.0
Synthetic_Engine_Fast,"Public debt issuance is funding essential social programs, but crowding out private credit is choking small business growth.",Programmatic flat layout split optimization.,2.0,0.0,0.0,0.0,1.0,0.0
Synthetic_Engine_Fast,"Rising productivity is boosting potential output, though an aging workforce is dragging down total labor participation.",Programmatic flat layout split optimization.,0.0,0.0,1.0,2.0,0.0,0.0
Synthetic_Engine_Fast,"The current account surplus widened on strong services exports, while fiscal austerity cuts threaten education and health spending.",Programmatic flat layout split optimization.,0.0,0.0,0.0,0.0,2.0,1.0
Synthetic_Engine_Fast,"Record low unemployment is lifting consumer sentiment, but accelerating wage growth is reigniting inflation fears.",Programmatic flat layout split optimization.,0.0,2.0,0.0,1.0,0.0,0.0
Synthetic_Engine_Fast,The central bank's rate cut spurred investment but weakened the exchange rate.,Programmatic flat layout split optimization.,1.0,0.0,0.0,0.0,0.0,2.0
Synthetic_Engine_Fast,Strong consumer demand lifted retail sales but pushed up core inflation.,Programmatic flat layout split optimization.,0.0,2.0,0.0,1.0,0.0,0.0
Synthetic_Engine_Fast,The export boom increased foreign reserves but overheated domestic demand.,Programmatic flat layout split optimization.,0.0,0.0,2.0,0.0,0.0,1.0
Synthetic_Engine_Fast,Wage growth improved household spending but squeezed corporate profit margins.,Programmatic flat layout split optimization.,0.0,0.0,2.0,1.0,0.0,0.0
Synthetic_Engine_Fast,A decline in commodity prices reduced business costs but threatened resource exporters.,Programmatic flat layout split optimization.,0.0,1.0,0.0,0.0,0.0,2.0
Synthetic_Engine_Fast,The central bank's quantitative easing boosted asset prices but fueled inflationary pressures.,Programmatic flat layout split optimization.,1.0,2.0,0.0,0.0,0.0,0.0
Synthetic_Engine_Fast,Strong employment data lowered unemployment but added to wage-cost pressures.,Programmatic flat layout split optimization.,0.0,2.0,0.0,1.0,0.0,0.0
Synthetic_Engine_Fast,Tax cuts spurred consumer spending but increased fiscal deficits.,Programmatic flat layout split optimization.,0.0,0.0,0.0,1.0,2.0,0.0
Synthetic_Engine_Fast,A weaker exchange rate boosted exports but raised import inflation.,Programmatic flat layout split optimization.,0.0,2.0,0.0,0.0,0.0,1.0
Synthetic_Engine_Fast,Higher corporate profits buoyed equity markets but reduced investment in capacity.,Programmatic flat layout split optimization.,1.0,0.0,2.0,0.0,0.0,0.0
Synthetic_Engine_Fast,The government's spending on infrastructure improved productivity but increased public debt.,Programmatic flat layout split optimization.,0.0,0.0,1.0,0.0,2.0,0.0
Synthetic_Engine_Fast,Strong retail sales signified consumer confidence but masked underlying debt growth.,Programmatic flat layout split optimization.,2.0,0.0,0.0,1.0,0.0,0.0
Synthetic_Engine_Fast,The manufacturing PMI expansion signaled growth but exacerbated supply-side bottlenecks.,Programmatic flat layout split optimization.,0.0,2.0,1.0,0.0,0.0,0.0
Synthetic_Engine_Fast,Low inflation boosted real wages but delayed consumer purchases.,Programmatic flat layout split optimization.,0.0,1.0,0.0,2.0,0.0,0.0
Synthetic_Engine_Fast,"Lower borrowing costs have boosted business investment, yet higher import prices are squeezing profit margins.",Programmatic flat layout split optimization.,1.0,0.0,0.0,0.0,0.0,2.0
Synthetic_Engine_Fast,"Consumer spending remains robust, but wage growth continues to lag behind inflation.",Programmatic flat layout split optimization.,0.0,2.0,0.0,1.0,0.0,0.0
Synthetic_Engine_Fast,"The central bank's rate cut stimulated housing demand, while fiscal austerity measures are reducing public investment.",Programmatic flat layout split optimization.,1.0,0.0,0.0,0.0,2.0,0.0
Synthetic_Engine_Fast,"Tax revenues exceeded forecasts, but rising unemployment benefits are straining the budget.",Programmatic flat layout split optimization.,0.0,0.0,0.0,2.0,1.0,0.0
Synthetic_Engine_Fast,"Inflation cooled to target levels, yet household debt service ratios climbed to a record high.",Programmatic flat layout split optimization.,2.0,1.0,0.0,0.0,0.0,0.0
Synthetic_Engine_Fast,"Job creation accelerated in services, but construction employment fell sharply as infrastructure projects stalled.",Programmatic flat layout split optimization.,0.0,0.0,2.0,1.0,0.0,0.0
Synthetic_Engine_Fast,"The trade deficit narrowed driven by higher exports, while government bond yields spiked on debt concerns.",Programmatic flat layout split optimization.,0.0,0.0,0.0,0.0,2.0,1.0
Synthetic_Engine_Fast,"Real GDP growth beat expectations, but consumer confidence slumped amid rising savings rates.",Programmatic flat layout split optimization.,0.0,0.0,1.0,2.0,0.0,0.0
Synthetic_Engine_Fast,"Monetary policy easing improved credit availability, but persistent core inflation pressures remain.",Programmatic flat layout split optimization.,1.0,2.0,0.0,0.0,0.0,0.0
Synthetic_Engine_Fast,"Fiscal stimulus boosted public sector jobs, while private sector hiring froze due to regulatory uncertainty.",Programmatic flat layout split optimization.,0.0,0.0,0.0,2.0,1.0,0.0
Synthetic_Engine_Fast,"Foreign direct investment inflows strengthened the capital account, but the current account deteriorated on oil imports.",Programmatic flat layout split optimization.,0.0,2.0,0.0,0.0,0.0,1.0
Synthetic_Engine_Fast,"Manufacturing output expanded for the first time in six months, yet industrial electricity prices surged, squeezing producers.",Programmatic flat layout split optimization.,0.0,2.0,1.0,0.0,0.0,0.0
Synthetic_Engine_Fast,"Household spending increased as pandemic savings were drawn down, but labor force participation declined among prime-age workers.",Programmatic flat layout split optimization.,0.0,0.0,2.0,1.0,0.0,0.0
Synthetic_Engine_Fast,"The government's infrastructure plan supported long-term growth, while short-term liquidity tightening hurt small businesses.",Programmatic flat layout split optimization.,2.0,0.0,0.0,0.0,1.0,0.0
Synthetic_Engine_Fast,"While consumer confidence rose from low unemployment, soaring food costs eroded household purchasing power.",Programmatic flat layout split optimization.,0.0,2.0,0.0,1.0,0.0,0.0
Synthetic_Engine_Fast,"Export orders surged due to global demand, yet a widening trade deficit strained the current account.",Programmatic flat layout split optimization.,0.0,0.0,0.0,0.0,2.0,1.0
Synthetic_Engine_Fast,"Industrial output expanded rapidly thanks to new infrastructure, but escalating input prices squeezed profit margins.",Programmatic flat layout split optimization.,0.0,2.0,1.0,0.0,0.0,0.0
Synthetic_Engine_Fast,"Government spending on job training programs increased employment, though it pushed the budget deficit higher.",Programmatic flat layout split optimization.,0.0,0.0,0.0,1.0,2.0,0.0
Synthetic_Engine_Fast,"Lower corporate tax rates encouraged investment, however they reduced government revenue for essential services.",Programmatic flat layout split optimization.,0.0,0.0,2.0,0.0,1.0,0.0
Synthetic_Engine_Fast,"The trade agreement opened new markets for manufacturers, yet it also intensified competition for domestic firms.",Programmatic flat layout split optimization.,0.0,0.0,2.0,0.0,0.0,1.0
Synthetic_Engine_Fast,"Mortgage rates fell, spurring housing construction, but persistent inflation forced the central bank to tighten liquidity.",Programmatic flat layout split optimization.,1.0,2.0,0.0,0.0,0.0,0.0
Synthetic_Engine_Fast,"Retail sales climbed as wages grew, while import costs rose due to unfavorable exchange rate movements.",Programmatic flat layout split optimization.,0.0,0.0,0.0,1.0,0.0,2.0
Synthetic_Engine_Fast,"The government’s stimulus checks boosted aggregate demand, though they contributed to overheating in the economy.",Programmatic flat layout split optimization.,0.0,2.0,0.0,0.0,1.0,0.0
Synthetic_Engine_Fast,"Banks eased lending standards, improving access to credit, but higher default risks threatened financial stability.",Programmatic flat layout split optimization.,1.0,0.0,2.0,0.0,0.0,0.0
Synthetic_Engine_Fast,"A strong harvest increased agricultural exports, yet drought conditions in other regions reduced overall output.",Programmatic flat layout split optimization.,0.0,0.0,2.0,0.0,0.0,1.0
Synthetic_Engine_Fast,"Job creation in tech sectors lifted employment rates, while automation displaced workers in manufacturing.",Programmatic flat layout split optimization.,0.0,0.0,2.0,1.0,0.0,0.0
Synthetic_Engine_Fast,"Inflation expectations remained anchored due to credible policy, but sluggish wage growth dampened consumer spending.",Programmatic flat layout split optimization.,0.0,1.0,0.0,2.0,0.0,0.0
Synthetic_Engine_Fast,"Foreign direct investment poured into renewable energy projects, though it raised concerns about domestic control over resources.",Programmatic flat layout split optimization.,0.0,0.0,0.0,0.0,2.0,1.0
Synthetic_Engine_Fast,"Robust GDP growth is fueling demand, but price pressures are mounting across the supply chain.",Programmatic flat layout split optimization.,0.0,2.0,1.0,0.0,0.0,0.0
Synthetic_Engine_Fast,"Unemployment remains near record lows, yet the government's fiscal deficit continues to widen.",Programmatic flat layout split optimization.,0.0,0.0,0.0,1.0,2.0,0.0
Synthetic_Engine_Fast,"Easy monetary conditions support borrowing, but the persistent trade deficit undermines external stability.",Programmatic flat layout split optimization.,1.0,0.0,0.0,0.0,0.0,2.0
Synthetic_Engine_Fast,"Export volumes are surging on global demand, but core inflation remains stubbornly above target.",Programmatic flat layout split optimization.,0.0,2.0,0.0,0.0,0.0,1.0
Synthetic_Engine_Fast,"Infrastructure spending boosts long-term productivity, but real wages have barely budged.",Programmatic flat layout split optimization.,0.0,0.0,0.0,2.0,1.0,0.0
Synthetic_Engine_Fast,"Inflation has moderated to a manageable level, though industrial output is contracting unexpectedly.",Programmatic flat layout split optimization.,0.0,1.0,2.0,0.0,0.0,0.0
Synthetic_Engine_Fast,"Consumer spending is rising due to job gains, but the central bank's tightening cycle may slow momentum.",Programmatic flat layout split optimization.,2.0,0.0,0.0,1.0,0.0,0.0
Synthetic_Engine_Fast,"Business investment is picking up on tax incentives, but currency depreciation is hurting import-reliant firms.",Programmatic flat layout split optimization.,0.0,0.0,1.0,0.0,0.0,2.0
Synthetic_Engine_Fast,"Banking system stability supports credit flow, yet the looming debt ceiling creates uncertainty.",Programmatic flat layout split optimization.,1.0,0.0,0.0,0.0,2.0,0.0
Synthetic_Engine_Fast,"A current account surplus bolsters reserves, but acute labor shortages hinder production capacity.",Programmatic flat layout split optimization.,0.0,0.0,0.0,2.0,0.0,1.0
Synthetic_Engine_Fast,"Falling energy costs relieve household budgets, yet the manufacturing PMI signals a contraction.",Programmatic flat layout split optimization.,0.0,1.0,2.0,0.0,0.0,0.0
Synthetic_Engine_Fast,"Tax revenue growth allows for more spending, but rising bond yields tighten financial conditions.",Programmatic flat layout split optimization.,2.0,0.0,0.0,0.0,1.0,0.0
Synthetic_Engine_Fast,"Employment is expanding across sectors, but services inflation remains sticky due to wage pressures.",Programmatic flat layout split optimization.,0.0,2.0,0.0,1.0,0.0,0.0
Synthetic_Engine_Fast,"Housing starts are climbing on lower mortgage rates, while foreign direct investment continues to decline.",Programmatic flat layout split optimization.,0.0,0.0,1.0,0.0,0.0,2.0
Synthetic_Engine_Fast,"Ample liquidity in the banking system supports lending, yet excessive fiscal regulation stifles small business growth.",Programmatic flat layout split optimization.,1.0,0.0,0.0,0.0,2.0,0.0
Synthetic_Engine_Fast,"The recent GDP growth figure exceeded forecasts, boosting confidence in economic expansion.",Programmatic flat layout split optimization.,0.0,2.0,1.0,0.0,0.0,0.0
Synthetic_Engine_Fast,"Consumer spending remained robust despite rising interest rates, indicating resilient demand.",Programmatic flat layout split optimization.,2.0,0.0,0.0,1.0,0.0,0.0
Synthetic_Engine_Fast,"The central bank's rate cut stimulated investment, though it triggered fears of future inflation.",Programmatic flat layout split optimization.,1.0,2.0,0.0,0.0,0.0,0.0
Synthetic_Engine_Fast,"Unemployment dropped to a historic low, yet wage growth failed to keep pace with living costs.",Programmatic flat layout split optimization.,0.0,2.0,0.0,1.0,0.0,0.0
Synthetic_Engine_Fast,"Export orders surged on global demand, but supply chain disruptions limited production capacity.",Programmatic flat layout split optimization.,0.0,0.0,2.0,0.0,0.0,1.0
Synthetic_Engine_Fast,"Inflation moderated slightly, but consumer confidence remained weak due to high borrowing rates.",Programmatic flat layout split optimization.,2.0,1.0,0.0,0.0,0.0,0.0
Synthetic_Engine_Fast,"Industrial output expanded for the third straight month, though factory inventories piled up.",Programmatic flat layout split optimization.,0.0,0.0,1.0,2.0,0.0,0.0
Synthetic_Engine_Fast,"The trade deficit narrowed as imports fell, yet domestic producers struggled with rising input costs.",Programmatic flat layout split optimization.,0.0,2.0,0.0,0.0,0.0,1.0
Synthetic_Engine_Fast,"Household savings rose amid higher incomes, but retail sales slipped as shoppers grew cautious.",Programmatic flat layout split optimization.,0.0,0.0,2.0,1.0,0.0,0.0
Synthetic_Engine_Fast,"The currency stabilized after central bank intervention, but foreign investment inflows declined.",Programmatic flat layout split optimization.,1.0,0.0,0.0,0.0,0.0,2.0
Synthetic_Engine_Fast,"New housing starts accelerated sharply, while mortgage delinquencies increased among low‑income borrowers.",Programmatic flat layout split optimization.,0.0,0.0,1.0,2.0,0.0,0.0
Synthetic_Engine_Fast,The central bank's rate cut boosted liquidity but also raised fears of asset bubbles.,Programmatic flat layout split optimization.,1.0,2.0,0.0,0.0,0.0,0.0
Synthetic_Engine_Fast,"Consumer spending surged in the third quarter, yet wage growth remains stagnant.",Programmatic flat layout split optimization.,0.0,0.0,2.0,1.0,0.0,0.0
Synthetic_Engine_Fast,"Inflation eased due to lower energy costs, but household savings rates dropped sharply.",Programmatic flat layout split optimization.,0.0,1.0,0.0,2.0,0.0,0.0
Synthetic_Engine_Fast,"The trade surplus narrowed as imports rose, despite strong domestic demand for exports.",Programmatic flat layout split optimization.,0.0,0.0,2.0,0.0,0.0,1.0
Synthetic_Engine_Fast,"Corporate tax cuts stimulated business investment, yet household debt levels reached a new high.",Programmatic flat layout split optimization.,0.0,0.0,0.0,2.0,1.0,0.0
Synthetic_Engine_Fast,"The strengthening currency reduced import costs, but it hurt the competitiveness of local exporters.",Programmatic flat layout split optimization.,1.0,0.0,0.0,0.0,0.0,2.0
Synthetic_Engine_Fast,"Employment in the services sector grew robustly, while construction hiring fell for the third consecutive quarter.",Programmatic flat layout split optimization.,0.0,0.0,2.0,1.0,0.0,0.0
Synthetic_Engine_Fast,"GDP growth exceeded expectations, although capacity utilization remains well below full potential.",Programmatic flat layout split optimization.,0.0,2.0,1.0,0.0,0.0,0.0
Synthetic_Engine_Fast,"The government's bond issuance successfully funded new projects, but long-term interest rates rose as a result.",Programmatic flat layout split optimization.,2.0,0.0,0.0,0.0,1.0,0.0
Synthetic_Engine_Fast,"Inflation remained subdued due to weak demand, yet consumer confidence is being undermined by high unemployment.",Programmatic flat layout split optimization.,0.0,1.0,0.0,2.0,0.0,0.0
Synthetic_Engine_Fast,"Export volumes increased due to a global recovery, but the national debt continues to climb unsustainably.",Programmatic flat layout split optimization.,0.0,0.0,0.0,0.0,2.0,1.0
Synthetic_Engine_Fast,"Retail sales improved markedly, while factory orders in the auto sector declined amid supply chain issues.",Programmatic flat layout split optimization.,0.0,0.0,2.0,1.0,0.0,0.0
Synthetic_Engine_Fast,"While the central bank’s rate hike successfully stabilized the currency, it simultaneously dampened consumer spending.",Programmatic flat layout split optimization.,1.0,0.0,0.0,2.0,0.0,0.0
Synthetic_Engine_Fast,"Export volumes surged due to favorable exchange rates, yet domestic factories struggled with rising input costs.",Programmatic flat layout split optimization.,0.0,2.0,0.0,0.0,0.0,1.0
Synthetic_Engine_Fast,"Tax reforms boosted government revenue, but higher payroll taxes reduced household disposable income.",Programmatic flat layout split optimization.,0.0,0.0,0.0,2.0,1.0,0.0
Synthetic_Engine_Fast,"A strong labor market pushed wages upward, although corporate profit margins narrowed under cost pressures.",Programmatic flat layout split optimization.,0.0,0.0,2.0,1.0,0.0,0.0
Synthetic_Engine_Fast,"Lower interest rates spurred business investment, while simultaneously fueling a spike in asset price inflation.",Programmatic flat layout split optimization.,1.0,2.0,0.0,0.0,0.0,0.0
Synthetic_Engine_Fast,"Government infrastructure spending improved long-term productivity, yet short-term deficits widened the national debt.",Programmatic flat layout split optimization.,0.0,0.0,1.0,0.0,2.0,0.0
Synthetic_Engine_Fast,"Inflation moderated as energy prices fell, but the resulting deflationary pressure hurt export competitiveness.",Programmatic flat layout split optimization.,0.0,1.0,0.0,0.0,0.0,2.0
Synthetic_Engine_Fast,"The unemployment rate dropped to a record low, but labor participation declined as discouraged workers left the workforce.",Programmatic flat layout split optimization.,0.0,0.0,2.0,1.0,0.0,0.0
Synthetic_Engine_Fast,"A weaker currency boosted tourism revenues, even as it raised the cost of imported machinery for manufacturers.",Programmatic flat layout split optimization.,0.0,0.0,2.0,0.0,0.0,1.0
Synthetic_Engine_Fast,"Improved tax compliance increased fiscal space for social programs, though higher effective taxes weighed on small businesses.",Programmatic flat layout split optimization.,0.0,0.0,0.0,2.0,1.0,0.0
Synthetic_Engine_Fast,"Monetary easing provided liquidity to banks, but excess reserves led to a surge in speculative lending.",Programmatic flat layout split optimization.,1.0,0.0,2.0,0.0,0.0,0.0
Synthetic_Engine_Fast,"A bumper harvest reduced food prices, benefiting consumers, yet farmers’ incomes dropped due to lower market prices.",Programmatic flat layout split optimization.,0.0,1.0,0.0,2.0,0.0,0.0
Synthetic_Engine_Fast,"Foreign direct investment inflows created new jobs, but repatriated profits widened the current account deficit.",Programmatic flat layout split optimization.,0.0,0.0,0.0,0.0,2.0,1.0
Synthetic_Engine_Fast,"Wage indexation protected workers from price rises, yet it locked in higher labor costs for firms.",Programmatic flat layout split optimization.,0.0,2.0,0.0,1.0,0.0,0.0
Synthetic_Engine_Fast,"The government’s subsidy cuts reduced budget deficits, but they triggered a sharp increase in household energy bills.",Programmatic flat layout split optimization.,0.0,0.0,0.0,2.0,1.0,0.0
Synthetic_Engine_Fast,"Lower borrowing costs are boosting investment, but rising import costs are widening the trade deficit.",Programmatic flat layout split optimization.,1.0,0.0,0.0,0.0,0.0,2.0
Synthetic_Engine_Fast,"Consumer confidence is driving retail sales growth, yet accelerating inflation is eroding purchasing power.",Programmatic flat layout split optimization.,0.0,2.0,0.0,1.0,0.0,0.0
Synthetic_Engine_Fast,"Strong export volumes are improving the current account, while fiscal spending cuts are dampening aggregate demand.",Programmatic flat layout split optimization.,0.0,0.0,0.0,0.0,2.0,1.0
Synthetic_Engine_Fast,"Employment gains are pushing wage growth higher, however tightening monetary policy is increasing loan costs.",Programmatic flat layout split optimization.,2.0,0.0,0.0,1.0,0.0,0.0
Synthetic_Engine_Fast,"Industrial output is rising sharply on new orders, but price pressures in raw materials are squeezing margins.",Programmatic flat layout split optimization.,0.0,2.0,1.0,0.0,0.0,0.0
Synthetic_Engine_Fast,"Government infrastructure spending is creating jobs, though higher taxes are reducing disposable incomes.",Programmatic flat layout split optimization.,0.0,0.0,0.0,2.0,1.0,0.0
Synthetic_Engine_Fast,"Core inflation is moderating due to lower energy prices, yet factory orders are declining on weak foreign demand.",Programmatic flat layout split optimization.,0.0,1.0,2.0,0.0,0.0,0.0
Synthetic_Engine_Fast,"The central bank’s rate cut is stimulating business lending, but a stronger currency is hurting export competitiveness.",Programmatic flat layout split optimization.,1.0,0.0,0.0,0.0,0.0,2.0
Synthetic_Engine_Fast,"Retail sales are surging on tax rebates, while rising unemployment claims signal a softening labor market.",Programmatic flat layout split optimization.,0.0,0.0,2.0,1.0,0.0,0.0
Synthetic_Engine_Fast,"Foreign direct investment is flowing into the tech sector, nevertheless rising bond yields are increasing government borrowing costs.",Programmatic flat layout split optimization.,0.0,0.0,0.0,0.0,2.0,1.0
Synthetic_Engine_Fast,"Wage increases are boosting household spending, but prolonged drought is reducing agricultural output.",Programmatic flat layout split optimization.,0.0,0.0,2.0,1.0,0.0,0.0
Synthetic_Engine_Fast,"Inflation expectations are well-anchored after policy tightening, while public debt levels continue to climb.",Programmatic flat layout split optimization.,0.0,1.0,0.0,0.0,2.0,0.0
Synthetic_Engine_Fast,"Export orders are rebounding on global recovery, even as consumer saving rates drop to historical lows.",Programmatic flat layout split optimization.,0.0,0.0,0.0,2.0,0.0,1.0
Synthetic_Engine_Fast,"Corporate profits are rising on cost-cutting, yet the central bank is tightening to curb asset bubbles.",Programmatic flat layout split optimization.,2.0,0.0,1.0,0.0,0.0,0.0
Synthetic_Engine_Fast,"Government subsidies are lowering energy bills, but import tariffs are raising consumer goods prices.",Programmatic flat layout split optimization.,0.0,2.0,0.0,0.0,1.0,0.0
Synthetic_Engine_Fast,"The strong consumer spending boosted real economic activity, but it also widened the trade deficit.",Programmatic flat layout split optimization.,0.0,0.0,1.0,0.0,0.0,2.0
Synthetic_Engine_Fast,"The central bank's interest rate decision lowered borrowing costs, yet it failed to stimulate business investment.",Programmatic flat layout split optimization.,1.0,0.0,2.0,0.0,0.0,0.0
Synthetic_Engine_Fast,"Falling import prices reduced inflationary pressures, but they also hurt domestic producers' competitiveness.",Programmatic flat layout split optimization.,0.0,1.0,0.0,0.0,0.0,2.0
Synthetic_Engine_Fast,"Export growth accelerated thanks to a weaker currency, yet the same depreciation made imported machinery more expensive.",Programmatic flat layout split optimization.,0.0,2.0,0.0,0.0,0.0,1.0
Synthetic_Engine_Fast,"The tax cuts left more disposable income in households' pockets, while simultaneously escalating the national debt.",Programmatic flat layout split optimization.,0.0,0.0,0.0,0.0,1.0,0.0
Synthetic_Engine_Fast,"1. The central bank's quantitative easing program lowered long-term interest rates, but it also weakened the currency.",Programmatic flat layout split optimization.,1.0,0.0,0.0,0.0,0.0,2.0
Synthetic_Engine_Fast,"2. Strong job creation pushed unemployment to a record low, yet wage pressures remained muted.",Programmatic flat layout split optimization.,0.0,0.0,0.0,1.0,0.0,0.0
Synthetic_Engine_Fast,"1. Robust export orders supported the manufacturing sector, yet rising raw material costs compressed margins.",Programmatic flat layout split optimization.,0.0,2.0,0.0,0.0,0.0,1.0
Synthetic_Engine_Fast,"2. The government's stimulus checks lifted retail sales, but they also swelled the public debt.",Programmatic flat layout split optimization.,0.0,0.0,1.0,0.0,2.0,0.0
Synthetic_Engine_Fast,"3. A surge in productivity improved corporate profitability, while it reduced the need for additional hiring.",Programmatic flat layout split optimization.,0.0,0.0,1.0,2.0,0.0,0.0
Synthetic_Engine_Fast,"4. The Federal Reserve's forward guidance stabilized financial markets, but it also encouraged excessive risk-taking.",Programmatic flat layout split optimization.,1.0,0.0,0.0,0.0,0.0,0.0
Synthetic_Engine_Fast,"5. A bumper harvest lowered food prices for consumers, but it hurt farmers' incomes.",Programmatic flat layout split optimization.,0.0,1.0,0.0,0.0,0.0,0.0
Synthetic_Engine_Fast,"8. The central bank's tighter regulations curbed speculative lending, but they also slowed down economic growth.",Programmatic flat layout split optimization.,1.0,0.0,2.0,0.0,0.0,0.0
Synthetic_Engine_Fast,"10. A weak currency supported the tourism industry, while it made foreign travel more expensive for residents.",Programmatic flat layout split optimization.,0.0,0.0,0.0,0.0,0.0,1.0
Synthetic_Engine_Fast,"11. The increase in minimum wage raised incomes for low-wage workers, yet it led to higher unemployment in small businesses.",Programmatic flat layout split optimization.,0.0,0.0,0.0,1.0,0.0,0.0
Synthetic_Engine_Fast,"12. The central bank's asset purchases lowered mortgage rates, but they also created distortions in bond markets.",Programmatic flat layout split optimization.,1.0,0.0,0.0,0.0,0.0,0.0
Synthetic_Engine_Fast,"13. Strong corporate earnings boosted stock prices, yet they also widened income inequality.",Programmatic flat layout split optimization.,0.0,0.0,1.0,0.0,0.0,0.0
Synthetic_Engine_Fast,"14. The government's infrastructure spending created construction jobs, but it also drove up materials costs.",Programmatic flat layout split optimization.,0.0,2.0,0.0,1.0,0.0,0.0
Synthetic_Engine_Fast,"15. A strong dollar lowered the cost of imported goods, yet it hurt export competitiveness.",Programmatic flat layout split optimization.,0.0,1.0,0.0,0.0,0.0,2.0
Synthetic_Engine_Fast,"The Federal Reserve's rate cut eased credit conditions, yet it fueled housing price inflation.",Programmatic flat layout split optimization.,1.0,2.0,0.0,0.0,0.0,0.0
Synthetic_Engine_Fast,"Rising home values boosted consumer spending, but they also pushed up rental costs.",Programmatic flat layout split optimization.,0.0,2.0,1.0,0.0,0.0,0.0
Synthetic_Engine_Fast,"Lower corporate tax rates boosted investment, but they also widened the budget deficit.",Programmatic flat layout split optimization.,0.0,0.0,1.0,0.0,2.0,0.0
Synthetic_Engine_Fast,"The minimum wage hike boosted household spending, yet it reduced employment in the retail sector.",Programmatic flat layout split optimization.,0.0,0.0,1.0,2.0,0.0,0.0
Synthetic_Engine_Fast,"The central bank's rate cut boosted lending, but the trade deficit widened sharply.",Programmatic flat layout split optimization.,1.0,0.0,0.0,0.0,0.0,2.0
Synthetic_Engine_Fast,"Inflation moderated to 2% from 5%, while consumer spending fell for a third month.",Programmatic flat layout split optimization.,0.0,1.0,0.0,2.0,0.0,0.0
Synthetic_Engine_Fast,"A surge in manufacturing output lifted GDP, yet corporate tax revenues declined.",Programmatic flat layout split optimization.,0.0,0.0,1.0,0.0,2.0,0.0
Synthetic_Engine_Fast,"Job creation in services accelerated, but housing starts dropped for the sixth consecutive quarter.",Programmatic flat layout split optimization.,0.0,0.0,2.0,1.0,0.0,0.0
Synthetic_Engine_Fast,"Strong export growth improved the current account, while government bond yields surged.",Programmatic flat layout split optimization.,2.0,0.0,0.0,0.0,0.0,1.0
Synthetic_Engine_Fast,"Tax cuts stimulated private investment, though import costs rose due to currency depreciation.",Programmatic flat layout split optimization.,0.0,0.0,0.0,0.0,1.0,2.0
Synthetic_Engine_Fast,"Wage growth outpaced inflation, but retail sales volumes disappointed.",Programmatic flat layout split optimization.,0.0,2.0,0.0,1.0,0.0,0.0
Synthetic_Engine_Fast,"Lower interest expenses reduced corporate defaults, while public debt edged above 100% of GDP.",Programmatic flat layout split optimization.,1.0,0.0,0.0,0.0,2.0,0.0
Synthetic_Engine_Fast,"Agricultural output expanded with favorable weather, but consumer confidence hit a two-year low.",Programmatic flat layout split optimization.,0.0,0.0,1.0,2.0,0.0,0.0
Synthetic_Engine_Fast,"The fiscal deficit narrowed on higher revenue, yet factory orders from abroad contracted.",Programmatic flat layout split optimization.,0.0,0.0,0.0,0.0,1.0,2.0
Synthetic_Engine_Fast,"Core inflation remained sticky, but the unemployment rate fell to a historic low.",Programmatic flat layout split optimization.,0.0,1.0,0.0,2.0,0.0,0.0
Synthetic_Engine_Fast,"Strong foreign direct investment inflows boosted capital formation, while mortgage delinquencies rose.",Programmatic flat layout split optimization.,2.0,0.0,0.0,0.0,0.0,1.0
